country,food_category,consumption,co2_emmission,food_division
Albania,Pork,10.88,38.51,Animal
Albania,Poultry,13.23,14.21,Animal
Albania,Beef,22.5,694.3,Animal
Albania,Lamb & Goat,15.32,536.5,Animal
Albania,Fish,3.85,6.15,Animal
Albania,Eggs,12.45,11.44,Animal
Albania,Milk - inc. cheese,303.72,432.62,Non-Animal
Albania,Wheat and Wheat Products,138.64,26.44,Non-Animal
Albania,Rice,7.78,9.96,Non-Animal
Albania,Soybeans,0,0,Non-Animal
Albania,Nuts inc. Peanut Butter,4.36,7.72,Non-Animal
Algeria,Pork,0,0,Animal
Algeria,Poultry,7.42,7.97,Animal
Algeria,Beef,5.6,172.8,Animal
Algeria,Lamb & Goat,7.69,269.3,Animal
Algeria,Fish,3.74,5.97,Animal
Algeria,Eggs,8.06,7.4,Animal
Algeria,Milk - inc. cheese,141.53,201.6,Non-Animal
Algeria,Wheat and Wheat Products,185.42,35.36,Non-Animal
Algeria,Rice,2.97,3.8,Non-Animal
Algeria,Soybeans,0,0,Non-Animal
Algeria,Nuts inc. Peanut Butter,2.08,3.68,Non-Animal
Angola,Pork,8.89,31.47,Animal
Angola,Poultry,17.33,18.62,Animal
Angola,Beef,8.42,259.82,Animal
Angola,Lamb & Goat,1.08,37.82,Animal
Angola,Fish,15.24,24.33,Animal
Angola,Eggs,1.11,1.02,Animal
Angola,Milk - inc. cheese,12.3,17.52,Non-Animal
Angola,Wheat and Wheat Products,40.72,7.77,Non-Animal
Angola,Rice,8.12,10.39,Non-Animal
Angola,Soybeans,0.52,0.23,Non-Animal
Angola,Nuts inc. Peanut Butter,2.26,4,Non-Animal
Argentina,Pork,10.51,37.2,Animal
Argentina,Poultry,38.66,41.53,Animal
Argentina,Beef,55.48,1712,Animal
Argentina,Lamb & Goat,1.56,54.63,Animal
Argentina,Fish,4.36,6.96,Animal
Argentina,Eggs,11.39,10.46,Animal
Argentina,Milk - inc. cheese,195.08,277.87,Non-Animal
Argentina,Wheat and Wheat Products,103.11,19.66,Non-Animal
Argentina,Rice,8.77,11.22,Non-Animal
Argentina,Soybeans,0,0,Non-Animal
Argentina,Nuts inc. Peanut Butter,0.49,0.87,Non-Animal
Armenia,Pork,9.67,34.23,Animal
Armenia,Poultry,13.35,14.34,Animal
Armenia,Beef,19.66,606.67,Animal
Armenia,Lamb & Goat,3.02,105.76,Animal
Armenia,Fish,4.36,6.96,Animal
Armenia,Eggs,11.69,10.74,Animal
Armenia,Milk - inc. cheese,209.03,297.74,Non-Animal
Armenia,Wheat and Wheat Products,130.6,24.91,Non-Animal
Armenia,Rice,3.18,4.07,Non-Animal
Armenia,Soybeans,0,0,Non-Animal
Armenia,Nuts inc. Peanut Butter,2.55,4.51,Non-Animal
Australia,Pork,24.14,85.44,Animal
Australia,Poultry,46.12,49.54,Animal
Australia,Beef,33.86,1044.85,Animal
Australia,Lamb & Goat,9.87,345.65,Animal
Australia,Fish,17.69,28.25,Animal
Australia,Eggs,8.51,7.82,Animal
Australia,Milk - inc. cheese,234.49,334.01,Non-Animal
Australia,Wheat and Wheat Products,70.46,13.44,Non-Animal
Australia,Rice,11.03,14.12,Non-Animal
Australia,Soybeans,0.19,0.09,Non-Animal
Australia,Nuts inc. Peanut Butter,8.73,15.45,Non-Animal
Austria,Pork,52.56,186.04,Animal
Austria,Poultry,18.61,19.99,Animal
Austria,Beef,17.14,528.9,Animal
Austria,Lamb & Goat,1.16,40.62,Animal
Austria,Fish,12.16,19.42,Animal
Austria,Eggs,14.68,13.49,Animal
Austria,Milk - inc. cheese,258.09,367.62,Non-Animal
Austria,Wheat and Wheat Products,81.1,15.47,Non-Animal
Austria,Rice,3.7,4.73,Non-Animal
Austria,Soybeans,2.06,0.93,Non-Animal
Austria,Nuts inc. Peanut Butter,7.88,13.95,Non-Animal
Bahamas,Pork,32.74,115.88,Animal
Bahamas,Poultry,45.74,49.13,Animal
Bahamas,Beef,19.92,614.69,Animal
Bahamas,Lamb & Goat,5.22,182.8,Animal
Bahamas,Fish,18.8,30.02,Animal
Bahamas,Eggs,6.2,5.7,Animal
Bahamas,Milk - inc. cheese,104.76,149.22,Non-Animal
Bahamas,Wheat and Wheat Products,39.98,7.62,Non-Animal
Bahamas,Rice,23.97,30.67,Non-Animal
Bahamas,Soybeans,0.09,0.04,Non-Animal
Bahamas,Nuts inc. Peanut Butter,4.03,7.13,Non-Animal
Bangladesh,Pork,0,0,Animal
Bangladesh,Poultry,1.4,1.5,Animal
Bangladesh,Beef,1.28,39.5,Animal
Bangladesh,Lamb & Goat,1.33,46.58,Animal
Bangladesh,Fish,18.07,28.85,Animal
Bangladesh,Eggs,2.08,1.91,Animal
Bangladesh,Milk - inc. cheese,21.91,31.21,Non-Animal
Bangladesh,Wheat and Wheat Products,17.47,3.33,Non-Animal
Bangladesh,Rice,171.73,219.76,Non-Animal
Bangladesh,Soybeans,0.61,0.27,Non-Animal
Bangladesh,Nuts inc. Peanut Butter,0.72,1.27,Non-Animal
Barbados,Pork,8.3,29.38,Animal
Barbados,Poultry,42.62,45.78,Animal
Barbados,Beef,13.13,405.16,Animal
Barbados,Lamb & Goat,4.08,142.88,Animal
Barbados,Fish,37.41,59.73,Animal
Barbados,Eggs,9.61,8.83,Animal
Barbados,Milk - inc. cheese,110.48,157.37,Non-Animal
Barbados,Wheat and Wheat Products,65.71,12.53,Non-Animal
Barbados,Rice,15.66,20.04,Non-Animal
Barbados,Soybeans,0.1,0.05,Non-Animal
Barbados,Nuts inc. Peanut Butter,4.16,7.36,Non-Animal
Belarus,Pork,40.37,142.89,Animal
Belarus,Poultry,31.29,33.61,Animal
Belarus,Beef,17.11,527.98,Animal
Belarus,Lamb & Goat,0.11,3.85,Animal
Belarus,Fish,15.75,25.15,Animal
Belarus,Eggs,15.86,14.57,Animal
Belarus,Milk - inc. cheese,133.73,190.49,Non-Animal
Belarus,Wheat and Wheat Products,60.48,11.53,Non-Animal
Belarus,Rice,3.17,4.06,Non-Animal
Belarus,Soybeans,0.3,0.14,Non-Animal
Belarus,Nuts inc. Peanut Butter,3.36,5.95,Non-Animal
Belgium,Pork,38.65,136.8,Animal
Belgium,Poultry,12.2,13.11,Animal
Belgium,Beef,15.63,482.31,Animal
Belgium,Lamb & Goat,1.32,46.23,Animal
Belgium,Fish,18.97,30.29,Animal
Belgium,Eggs,12.59,11.57,Animal
Belgium,Milk - inc. cheese,236.19,336.43,Non-Animal
Belgium,Wheat and Wheat Products,111.91,21.34,Non-Animal
Belgium,Rice,8.61,11.02,Non-Animal
Belgium,Soybeans,0.07,0.03,Non-Animal
Belgium,Nuts inc. Peanut Butter,7.32,12.96,Non-Animal
Belize,Pork,16.8,59.46,Animal
Belize,Poultry,28.31,30.41,Animal
Belize,Beef,4.86,149.97,Animal
Belize,Lamb & Goat,0.14,4.9,Animal
Belize,Fish,7.57,12.09,Animal
Belize,Eggs,4.85,4.46,Animal
Belize,Milk - inc. cheese,80.3,114.38,Non-Animal
Belize,Wheat and Wheat Products,54.06,10.31,Non-Animal
Belize,Rice,28.42,36.37,Non-Animal
Belize,Soybeans,1.88,0.85,Non-Animal
Belize,Nuts inc. Peanut Butter,5.58,9.88,Non-Animal
Bermuda,Pork,28.24,99.96,Animal
Bermuda,Poultry,32.62,35.04,Animal
Bermuda,Beef,33.15,1022.94,Animal
Bermuda,Lamb & Goat,2.71,94.9,Animal
Bermuda,Fish,33.22,53.04,Animal
Bermuda,Eggs,14.92,13.71,Animal
Bermuda,Milk - inc. cheese,95.56,136.12,Non-Animal
Bermuda,Wheat and Wheat Products,54.88,10.47,Non-Animal
Bermuda,Rice,5.38,6.88,Non-Animal
Bermuda,Soybeans,0.22,0.1,Non-Animal
Bermuda,Nuts inc. Peanut Butter,5.72,10.12,Non-Animal
Bolivia,Pork,8.89,31.47,Animal
Bolivia,Poultry,34.31,36.86,Animal
Bolivia,Beef,19.78,610.37,Animal
Bolivia,Lamb & Goat,1.72,60.23,Animal
Bolivia,Fish,2.18,3.48,Animal
Bolivia,Eggs,5.18,4.76,Animal
Bolivia,Milk - inc. cheese,46.04,65.58,Non-Animal
Bolivia,Wheat and Wheat Products,49.99,9.53,Non-Animal
Bolivia,Rice,26.99,34.54,Non-Animal
Bolivia,Soybeans,0.01,0,Non-Animal
Bolivia,Nuts inc. Peanut Butter,9.16,16.21,Non-Animal
Bosnia and Herzegovina,Pork,9.38,33.2,Animal
Bosnia and Herzegovina,Poultry,13.17,14.15,Animal
Bosnia and Herzegovina,Beef,9.12,281.42,Animal
Bosnia and Herzegovina,Lamb & Goat,0.47,16.46,Animal
Bosnia and Herzegovina,Fish,4.06,6.48,Animal
Bosnia and Herzegovina,Eggs,4.49,4.12,Animal
Bosnia and Herzegovina,Milk - inc. cheese,174.03,247.89,Non-Animal
Bosnia and Herzegovina,Wheat and Wheat Products,93.56,17.84,Non-Animal
Bosnia and Herzegovina,Rice,1.88,2.41,Non-Animal
Bosnia and Herzegovina,Soybeans,1.48,0.67,Non-Animal
Bosnia and Herzegovina,Nuts inc. Peanut Butter,2,3.54,Non-Animal
Botswana,Pork,0.74,2.62,Animal
Botswana,Poultry,5.33,5.73,Animal
Botswana,Beef,7.85,242.23,Animal
Botswana,Lamb & Goat,3.76,131.67,Animal
Botswana,Fish,3.98,6.35,Animal
Botswana,Eggs,1.95,1.79,Animal
Botswana,Milk - inc. cheese,117.74,167.71,Non-Animal
Botswana,Wheat and Wheat Products,38.2,7.28,Non-Animal
Botswana,Rice,7.06,9.03,Non-Animal
Botswana,Soybeans,1.16,0.52,Non-Animal
Botswana,Nuts inc. Peanut Butter,1.08,1.91,Non-Animal
Brazil,Pork,12.6,44.6,Animal
Brazil,Poultry,45,48.34,Animal
Brazil,Beef,39.25,1211.17,Animal
Brazil,Lamb & Goat,0.62,21.71,Animal
Brazil,Fish,10.01,15.98,Animal
Brazil,Eggs,8.98,8.25,Animal
Brazil,Milk - inc. cheese,149.28,212.63,Non-Animal
Brazil,Wheat and Wheat Products,53,10.11,Non-Animal
Brazil,Rice,32.13,41.12,Non-Animal
Brazil,Soybeans,3.62,1.63,Non-Animal
Brazil,Nuts inc. Peanut Butter,0.67,1.19,Non-Animal
Bulgaria,Pork,26.26,92.95,Animal
Bulgaria,Poultry,20.68,22.21,Animal
Bulgaria,Beef,3.84,118.49,Animal
Bulgaria,Lamb & Goat,1.63,57.08,Animal
Bulgaria,Fish,6.24,9.96,Animal
Bulgaria,Eggs,8.36,7.68,Animal
Bulgaria,Milk - inc. cheese,155.71,221.79,Non-Animal
Bulgaria,Wheat and Wheat Products,121.17,23.11,Non-Animal
Bulgaria,Rice,2.24,2.87,Non-Animal
Bulgaria,Soybeans,0.04,0.02,Non-Animal
Bulgaria,Nuts inc. Peanut Butter,2.26,4,Non-Animal
Cambodia,Pork,6.52,23.08,Animal
Cambodia,Poultry,1.84,1.98,Animal
Cambodia,Beef,4.85,149.66,Animal
Cambodia,Lamb & Goat,0,0,Animal
Cambodia,Fish,39.59,63.21,Animal
Cambodia,Eggs,1.37,1.26,Animal
Cambodia,Milk - inc. cheese,3.47,4.94,Non-Animal
Cambodia,Wheat and Wheat Products,2.74,0.52,Non-Animal
Cambodia,Rice,159.1,203.6,Non-Animal
Cambodia,Soybeans,4.33,1.95,Non-Animal
Cambodia,Nuts inc. Peanut Butter,1.25,2.21,Non-Animal
Cameroon,Pork,1.47,5.2,Animal
Cameroon,Poultry,3.29,3.53,Animal
Cameroon,Beef,4.17,128.68,Animal
Cameroon,Lamb & Goat,1.4,49.03,Animal
Cameroon,Fish,14.71,23.49,Animal
Cameroon,Eggs,0.4,0.37,Animal
Cameroon,Milk - inc. cheese,15.27,21.75,Non-Animal
Cameroon,Wheat and Wheat Products,22.6,4.31,Non-Animal
Cameroon,Rice,23.85,30.52,Non-Animal
Cameroon,Soybeans,0.64,0.29,Non-Animal
Cameroon,Nuts inc. Peanut Butter,9.29,16.44,Non-Animal
Canada,Pork,22.81,80.74,Animal
Canada,Poultry,36.68,39.4,Animal
Canada,Beef,30.25,933.45,Animal
Canada,Lamb & Goat,0.97,33.97,Animal
Canada,Fish,14.56,23.25,Animal
Canada,Eggs,12.95,11.9,Animal
Canada,Milk - inc. cheese,187.77,267.46,Non-Animal
Canada,Wheat and Wheat Products,84.96,16.2,Non-Animal
Canada,Rice,12.65,16.19,Non-Animal
Canada,Soybeans,0.94,0.42,Non-Animal
Canada,Nuts inc. Peanut Butter,8.01,14.18,Non-Animal
Chile,Pork,24.68,87.35,Animal
Chile,Poultry,36.52,39.23,Animal
Chile,Beef,23.86,736.27,Animal
Chile,Lamb & Goat,0.42,14.71,Animal
Chile,Fish,7.65,12.21,Animal
Chile,Eggs,9.97,9.16,Animal
Chile,Milk - inc. cheese,116.11,165.39,Non-Animal
Chile,Wheat and Wheat Products,104.74,19.97,Non-Animal
Chile,Rice,8.85,11.33,Non-Animal
Chile,Soybeans,0.04,0.02,Non-Animal
Chile,Nuts inc. Peanut Butter,2.22,3.93,Non-Animal
China,Pork,38.43,136.02,Animal
China,Poultry,13.2,14.18,Animal
China,Beef,5.12,157.99,Animal
China,Lamb & Goat,3.13,109.61,Animal
China,Fish,21.01,33.55,Animal
China,Eggs,18.76,17.23,Animal
China,Milk - inc. cheese,32.66,46.52,Non-Animal
China,Wheat and Wheat Products,63.36,12.08,Non-Animal
China,Rice,78.18,100.05,Non-Animal
China,Soybeans,3.66,1.65,Non-Animal
China,Nuts inc. Peanut Butter,6.39,11.31,Non-Animal
Colombia,Pork,6.51,23.04,Animal
Colombia,Poultry,27.57,29.62,Animal
Colombia,Beef,16.36,504.84,Animal
Colombia,Lamb & Goat,0.21,7.35,Animal
Colombia,Fish,6.01,9.6,Animal
Colombia,Eggs,10.78,9.9,Animal
Colombia,Milk - inc. cheese,108.47,154.5,Non-Animal
Colombia,Wheat and Wheat Products,29.79,5.68,Non-Animal
Colombia,Rice,28.02,35.86,Non-Animal
Colombia,Soybeans,0.89,0.4,Non-Animal
Colombia,Nuts inc. Peanut Butter,0.42,0.74,Non-Animal
Congo,Pork,2.39,8.46,Animal
Congo,Poultry,13.02,13.99,Animal
Congo,Beef,4.35,134.23,Animal
Congo,Lamb & Goat,0.4,14.01,Animal
Congo,Fish,26.22,41.86,Animal
Congo,Eggs,0.6,0.55,Animal
Congo,Milk - inc. cheese,10.69,15.23,Non-Animal
Congo,Wheat and Wheat Products,40.07,7.64,Non-Animal
Congo,Rice,16.51,21.13,Non-Animal
Congo,Soybeans,0,0,Non-Animal
Congo,Nuts inc. Peanut Butter,3.08,5.45,Non-Animal
Costa Rica,Pork,10.28,36.39,Animal
Costa Rica,Poultry,24.47,26.29,Animal
Costa Rica,Beef,15.23,469.97,Animal
Costa Rica,Lamb & Goat,0.02,0.7,Animal
Costa Rica,Fish,11.32,18.07,Animal
Costa Rica,Eggs,10.55,9.69,Animal
Costa Rica,Milk - inc. cheese,183.28,261.06,Non-Animal
Costa Rica,Wheat and Wheat Products,39.31,7.5,Non-Animal
Costa Rica,Rice,45.69,58.47,Non-Animal
Costa Rica,Soybeans,1.54,0.69,Non-Animal
Costa Rica,Nuts inc. Peanut Butter,1.38,2.44,Non-Animal
Croatia,Pork,42.79,151.46,Animal
Croatia,Poultry,8.52,9.15,Animal
Croatia,Beef,12.41,382.95,Animal
Croatia,Lamb & Goat,1.71,59.88,Animal
Croatia,Fish,15.83,25.28,Animal
Croatia,Eggs,8.48,7.79,Animal
Croatia,Milk - inc. cheese,231.02,329.06,Non-Animal
Croatia,Wheat and Wheat Products,106.59,20.33,Non-Animal
Croatia,Rice,2.64,3.38,Non-Animal
Croatia,Soybeans,0,0,Non-Animal
Croatia,Nuts inc. Peanut Butter,3.88,6.87,Non-Animal
Cuba,Pork,19.82,70.15,Animal
Cuba,Poultry,20.15,21.65,Animal
Cuba,Beef,6.39,197.18,Animal
Cuba,Lamb & Goat,1.24,43.42,Animal
Cuba,Fish,4.76,7.6,Animal
Cuba,Eggs,9.82,9.02,Animal
Cuba,Milk - inc. cheese,99.94,142.35,Non-Animal
Cuba,Wheat and Wheat Products,54.62,10.42,Non-Animal
Cuba,Rice,67.7,86.64,Non-Animal
Cuba,Soybeans,6.34,2.85,Non-Animal
Cuba,Nuts inc. Peanut Butter,0.23,0.41,Non-Animal
Cyprus,Pork,38.38,135.85,Animal
Cyprus,Poultry,24.45,26.26,Animal
Cyprus,Beef,5.79,178.67,Animal
Cyprus,Lamb & Goat,5.05,176.85,Animal
Cyprus,Fish,14.86,23.73,Animal
Cyprus,Eggs,8.98,8.25,Animal
Cyprus,Milk - inc. cheese,113.31,161.4,Non-Animal
Cyprus,Wheat and Wheat Products,83.25,15.88,Non-Animal
Cyprus,Rice,4.94,6.32,Non-Animal
Cyprus,Soybeans,0.04,0.02,Non-Animal
Cyprus,Nuts inc. Peanut Butter,4.6,8.14,Non-Animal
Czech Republic,Pork,41.17,145.72,Animal
Czech Republic,Poultry,19.09,20.51,Animal
Czech Republic,Beef,8.15,251.49,Animal
Czech Republic,Lamb & Goat,0.34,11.91,Animal
Czech Republic,Fish,8.25,13.17,Animal
Czech Republic,Eggs,11.66,10.71,Animal
Czech Republic,Milk - inc. cheese,195.2,278.04,Non-Animal
Czech Republic,Wheat and Wheat Products,92.67,17.67,Non-Animal
Czech Republic,Rice,4.79,6.13,Non-Animal
Czech Republic,Soybeans,0.82,0.37,Non-Animal
Czech Republic,Nuts inc. Peanut Butter,2.47,4.37,Non-Animal
Denmark,Pork,24.87,88.03,Animal
Denmark,Poultry,26.75,28.73,Animal
Denmark,Beef,28.46,878.22,Animal
Denmark,Lamb & Goat,0.92,32.22,Animal
Denmark,Fish,16.49,26.33,Animal
Denmark,Eggs,15.35,14.1,Animal
Denmark,Milk - inc. cheese,277.3,394.99,Non-Animal
Denmark,Wheat and Wheat Products,98,18.69,Non-Animal
Denmark,Rice,4.96,6.35,Non-Animal
Denmark,Soybeans,0.03,0.01,Non-Animal
Denmark,Nuts inc. Peanut Butter,5.94,10.51,Non-Animal
Ecuador,Pork,14.44,51.11,Animal
Ecuador,Poultry,21.85,23.47,Animal
Ecuador,Beef,16.61,512.55,Animal
Ecuador,Lamb & Goat,0.44,15.41,Animal
Ecuador,Fish,5.17,8.25,Animal
Ecuador,Eggs,8.01,7.36,Animal
Ecuador,Milk - inc. cheese,139.6,198.85,Non-Animal
Ecuador,Wheat and Wheat Products,39.19,7.47,Non-Animal
Ecuador,Rice,45.07,57.68,Non-Animal
Ecuador,Soybeans,0,0,Non-Animal
Ecuador,Nuts inc. Peanut Butter,0.98,1.73,Non-Animal
Egypt,Pork,0.02,0.07,Animal
Egypt,Poultry,14.43,15.5,Animal
Egypt,Beef,12.88,397.45,Animal
Egypt,Lamb & Goat,1.58,55.33,Animal
Egypt,Fish,21.46,34.26,Animal
Egypt,Eggs,4.59,4.22,Animal
Egypt,Milk - inc. cheese,59.46,84.69,Non-Animal
Egypt,Wheat and Wheat Products,146.83,28,Non-Animal
Egypt,Rice,39.77,50.89,Non-Animal
Egypt,Soybeans,0.64,0.29,Non-Animal
Egypt,Nuts inc. Peanut Butter,1.82,3.22,Non-Animal
El Salvador,Pork,3.23,11.43,Animal
El Salvador,Poultry,19.84,21.31,Animal
El Salvador,Beef,5.95,183.6,Animal
El Salvador,Lamb & Goat,0.02,0.7,Animal
El Salvador,Fish,6.25,9.98,Animal
El Salvador,Eggs,9.51,8.74,Animal
El Salvador,Milk - inc. cheese,124.34,177.11,Non-Animal
El Salvador,Wheat and Wheat Products,28.19,5.38,Non-Animal
El Salvador,Rice,10.53,13.48,Non-Animal
El Salvador,Soybeans,0.8,0.36,Non-Animal
El Salvador,Nuts inc. Peanut Butter,1.1,1.95,Non-Animal
Estonia,Pork,29.68,105.05,Animal
Estonia,Poultry,21.11,22.68,Animal
Estonia,Beef,7.19,221.87,Animal
Estonia,Lamb & Goat,0.44,15.41,Animal
Estonia,Fish,12.78,20.41,Animal
Estonia,Eggs,12.66,11.63,Animal
Estonia,Milk - inc. cheese,284.85,405.74,Non-Animal
Estonia,Wheat and Wheat Products,89.36,17.04,Non-Animal
Estonia,Rice,2.56,3.28,Non-Animal
Estonia,Soybeans,0.04,0.02,Non-Animal
Estonia,Nuts inc. Peanut Butter,4.29,7.59,Non-Animal
Ethiopia,Pork,0.02,0.07,Animal
Ethiopia,Poultry,0.66,0.71,Animal
Ethiopia,Beef,3.61,111.4,Animal
Ethiopia,Lamb & Goat,1.57,54.98,Animal
Ethiopia,Fish,0.24,0.38,Animal
Ethiopia,Eggs,0.36,0.33,Animal
Ethiopia,Milk - inc. cheese,44.14,62.87,Non-Animal
Ethiopia,Wheat and Wheat Products,31.26,5.96,Non-Animal
Ethiopia,Rice,2.25,2.88,Non-Animal
Ethiopia,Soybeans,0.45,0.2,Non-Animal
Ethiopia,Nuts inc. Peanut Butter,1.21,2.14,Non-Animal
Fiji,Pork,4.31,15.26,Animal
Fiji,Poultry,20.26,21.76,Animal
Fiji,Beef,8.96,276.49,Animal
Fiji,Lamb & Goat,5.9,206.62,Animal
Fiji,Fish,35.01,55.9,Animal
Fiji,Eggs,6.44,5.92,Animal
Fiji,Milk - inc. cheese,40.2,57.26,Non-Animal
Fiji,Wheat and Wheat Products,84.22,16.06,Non-Animal
Fiji,Rice,45.62,58.38,Non-Animal
Fiji,Soybeans,0.3,0.14,Non-Animal
Fiji,Nuts inc. Peanut Butter,1.3,2.3,Non-Animal
Finland,Pork,36.14,127.92,Animal
Finland,Poultry,19.87,21.34,Animal
Finland,Beef,19.22,593.09,Animal
Finland,Lamb & Goat,0.53,18.56,Animal
Finland,Fish,33.8,53.97,Animal
Finland,Eggs,9.55,8.77,Animal
Finland,Milk - inc. cheese,430.76,613.57,Non-Animal
Finland,Wheat and Wheat Products,81.99,15.64,Non-Animal
Finland,Rice,4.42,5.66,Non-Animal
Finland,Soybeans,0.08,0.04,Non-Animal
Finland,Nuts inc. Peanut Butter,3.43,6.07,Non-Animal
France,Pork,33.05,116.98,Animal
France,Poultry,22.93,24.63,Animal
France,Beef,23.81,734.73,Animal
France,Lamb & Goat,3.28,114.87,Animal
France,Fish,22.91,36.58,Animal
France,Eggs,13.13,12.06,Animal
France,Milk - inc. cheese,241.31,343.72,Non-Animal
France,Wheat and Wheat Products,108.43,20.68,Non-Animal
France,Rice,4.88,6.24,Non-Animal
France,Soybeans,0.05,0.02,Non-Animal
France,Nuts inc. Peanut Butter,5.39,9.54,Non-Animal
French Polynesia,Pork,14.75,52.21,Animal
French Polynesia,Poultry,49.55,53.23,Animal
French Polynesia,Beef,30.9,953.51,Animal
French Polynesia,Lamb & Goat,2.83,99.11,Animal
French Polynesia,Fish,38.95,62.19,Animal
French Polynesia,Eggs,8.75,8.04,Animal
French Polynesia,Milk - inc. cheese,93.56,133.27,Non-Animal
French Polynesia,Wheat and Wheat Products,68.67,13.1,Non-Animal
French Polynesia,Rice,35.59,45.54,Non-Animal
French Polynesia,Soybeans,0.77,0.35,Non-Animal
French Polynesia,Nuts inc. Peanut Butter,2.34,4.14,Non-Animal
Gambia,Pork,0.18,0.64,Animal
Gambia,Poultry,2.66,2.86,Animal
Gambia,Beef,2.16,66.65,Animal
Gambia,Lamb & Goat,0.71,24.86,Animal
Gambia,Fish,23.13,36.93,Animal
Gambia,Eggs,0.99,0.91,Animal
Gambia,Milk - inc. cheese,45.71,65.11,Non-Animal
Gambia,Wheat and Wheat Products,37.91,7.23,Non-Animal
Gambia,Rice,61.84,79.14,Non-Animal
Gambia,Soybeans,0,0,Non-Animal
Gambia,Nuts inc. Peanut Butter,5.27,9.33,Non-Animal
Georgia,Pork,8.93,31.61,Animal
Georgia,Poultry,12.28,13.19,Animal
Georgia,Beef,6.04,186.38,Animal
Georgia,Lamb & Goat,0.63,22.06,Animal
Georgia,Fish,10.42,16.64,Animal
Georgia,Eggs,6.12,5.62,Animal
Georgia,Milk - inc. cheese,149.26,212.61,Non-Animal
Georgia,Wheat and Wheat Products,163.43,31.17,Non-Animal
Georgia,Rice,2.64,3.38,Non-Animal
Georgia,Soybeans,0,0,Non-Animal
Georgia,Nuts inc. Peanut Butter,2.47,4.37,Non-Animal
Germany,Pork,51.81,183.38,Animal
Germany,Poultry,17.75,19.07,Animal
Germany,Beef,13.16,406.09,Animal
Germany,Lamb & Goat,0.73,25.56,Animal
Germany,Fish,11.16,17.82,Animal
Germany,Eggs,12.2,11.21,Animal
Germany,Milk - inc. cheese,258.7,368.49,Non-Animal
Germany,Wheat and Wheat Products,83.41,15.91,Non-Animal
Germany,Rice,3.34,4.27,Non-Animal
Germany,Soybeans,0.88,0.4,Non-Animal
Germany,Nuts inc. Peanut Butter,7.96,14.09,Non-Animal
Ghana,Pork,1.36,4.81,Animal
Ghana,Poultry,8.63,9.27,Animal
Ghana,Beef,1.09,33.64,Animal
Ghana,Lamb & Goat,1.74,60.93,Animal
Ghana,Fish,26.05,41.59,Animal
Ghana,Eggs,1.21,1.11,Animal
Ghana,Milk - inc. cheese,9.08,12.93,Non-Animal
Ghana,Wheat and Wheat Products,14.45,2.76,Non-Animal
Ghana,Rice,32.03,40.99,Non-Animal
Ghana,Soybeans,0.01,0,Non-Animal
Ghana,Nuts inc. Peanut Butter,5.56,9.84,Non-Animal
Greece,Pork,28.31,100.2,Animal
Greece,Poultry,15.74,16.91,Animal
Greece,Beef,16.1,496.81,Animal
Greece,Lamb & Goat,12.47,436.7,Animal
Greece,Fish,14.42,23.02,Animal
Greece,Eggs,10.13,9.31,Animal
Greece,Milk - inc. cheese,255.26,363.59,Non-Animal
Greece,Wheat and Wheat Products,124.04,23.65,Non-Animal
Greece,Rice,6.64,8.5,Non-Animal
Greece,Soybeans,0.02,0.01,Non-Animal
Greece,Nuts inc. Peanut Butter,10.5,18.59,Non-Animal
Grenada,Pork,11.52,40.78,Animal
Grenada,Poultry,43.51,46.74,Animal
Grenada,Beef,3.46,106.77,Animal
Grenada,Lamb & Goat,1.25,43.77,Animal
Grenada,Fish,27.95,44.63,Animal
Grenada,Eggs,10.34,9.5,Animal
Grenada,Milk - inc. cheese,86.88,123.75,Non-Animal
Grenada,Wheat and Wheat Products,59.59,11.36,Non-Animal
Grenada,Rice,9.56,12.23,Non-Animal
Grenada,Soybeans,0.01,0,Non-Animal
Grenada,Nuts inc. Peanut Butter,0.18,0.32,Non-Animal
Guatemala,Pork,4.85,17.17,Animal
Guatemala,Poultry,16.45,17.67,Animal
Guatemala,Beef,5.6,172.8,Animal
Guatemala,Lamb & Goat,0.23,8.05,Animal
Guatemala,Fish,1.08,1.72,Animal
Guatemala,Eggs,14.61,13.42,Animal
Guatemala,Milk - inc. cheese,46.6,66.38,Non-Animal
Guatemala,Wheat and Wheat Products,35.9,6.85,Non-Animal
Guatemala,Rice,5.66,7.24,Non-Animal
Guatemala,Soybeans,0.32,0.14,Non-Animal
Guatemala,Nuts inc. Peanut Butter,2,3.54,Non-Animal
Guinea,Pork,0.16,0.57,Animal
Guinea,Poultry,1.83,1.97,Animal
Guinea,Beef,6.26,193.17,Animal
Guinea,Lamb & Goat,1.6,56.03,Animal
Guinea,Fish,9.18,14.66,Animal
Guinea,Eggs,1.95,1.79,Animal
Guinea,Milk - inc. cheese,20.62,29.37,Non-Animal
Guinea,Wheat and Wheat Products,18.55,3.54,Non-Animal
Guinea,Rice,97.12,124.28,Non-Animal
Guinea,Soybeans,0,0,Non-Animal
Guinea,Nuts inc. Peanut Butter,4.14,7.33,Non-Animal
Honduras,Pork,6.48,22.94,Animal
Honduras,Poultry,20.29,21.8,Animal
Honduras,Beef,7.19,221.87,Animal
Honduras,Lamb & Goat,0.04,1.4,Animal
Honduras,Fish,2.7,4.31,Animal
Honduras,Eggs,5.19,4.77,Animal
Honduras,Milk - inc. cheese,91.33,130.09,Non-Animal
Honduras,Wheat and Wheat Products,37.36,7.12,Non-Animal
Honduras,Rice,14.42,18.45,Non-Animal
Honduras,Soybeans,0.01,0,Non-Animal
Honduras,Nuts inc. Peanut Butter,0.75,1.33,Non-Animal
Hong Kong SAR. China,Pork,67.11,237.54,Animal
Hong Kong SAR. China,Poultry,54.86,58.93,Animal
Hong Kong SAR. China,Beef,25.82,796.75,Animal
Hong Kong SAR. China,Lamb & Goat,2.22,77.74,Animal
Hong Kong SAR. China,Fish,42.44,67.76,Animal
Hong Kong SAR. China,Eggs,14.5,13.32,Animal
Hong Kong SAR. China,Milk - inc. cheese,105.85,150.77,Non-Animal
Hong Kong SAR. China,Wheat and Wheat Products,53.14,10.13,Non-Animal
Hong Kong SAR. China,Rice,43.48,55.64,Non-Animal
Hong Kong SAR. China,Soybeans,2.79,1.26,Non-Animal
Hong Kong SAR. China,Nuts inc. Peanut Butter,13.81,24.44,Non-Animal
Hungary,Pork,34.93,123.63,Animal
Hungary,Poultry,23.78,25.54,Animal
Hungary,Beef,4.96,153.06,Animal
Hungary,Lamb & Goat,0.11,3.85,Animal
Hungary,Fish,4.93,7.87,Animal
Hungary,Eggs,12.45,11.44,Animal
Hungary,Milk - inc. cheese,159.05,226.55,Non-Animal
Hungary,Wheat and Wheat Products,109.98,20.97,Non-Animal
Hungary,Rice,2.15,2.75,Non-Animal
Hungary,Soybeans,0.01,0,Non-Animal
Hungary,Nuts inc. Peanut Butter,0.64,1.13,Non-Animal
Iceland,Pork,21.69,76.77,Animal
Iceland,Poultry,26.87,28.86,Animal
Iceland,Beef,13.36,412.26,Animal
Iceland,Lamb & Goat,21.12,739.62,Animal
Iceland,Fish,74.41,118.81,Animal
Iceland,Eggs,8.24,7.57,Animal
Iceland,Milk - inc. cheese,225.82,321.66,Non-Animal
Iceland,Wheat and Wheat Products,72.92,13.91,Non-Animal
Iceland,Rice,3.89,4.98,Non-Animal
Iceland,Soybeans,0.11,0.05,Non-Animal
Iceland,Nuts inc. Peanut Butter,3.88,6.87,Non-Animal
India,Pork,0.28,0.99,Animal
India,Poultry,1.88,2.02,Animal
India,Beef,0.81,24.99,Animal
India,Lamb & Goat,0.58,20.31,Animal
India,Fish,4.71,7.52,Animal
India,Eggs,2.58,2.37,Animal
India,Milk - inc. cheese,84.5,120.36,Non-Animal
India,Wheat and Wheat Products,60.56,11.55,Non-Animal
India,Rice,69.49,88.93,Non-Animal
India,Soybeans,0.39,0.18,Non-Animal
India,Nuts inc. Peanut Butter,1.92,3.4,Non-Animal
Indonesia,Pork,2.98,10.55,Animal
Indonesia,Poultry,7.5,8.06,Animal
Indonesia,Beef,2.59,79.92,Animal
Indonesia,Lamb & Goat,0.46,16.11,Animal
Indonesia,Fish,25.65,40.95,Animal
Indonesia,Eggs,4.88,4.48,Animal
Indonesia,Milk - inc. cheese,14.82,21.11,Non-Animal
Indonesia,Wheat and Wheat Products,25.45,4.85,Non-Animal
Indonesia,Rice,134.62,172.27,Non-Animal
Indonesia,Soybeans,1.12,0.5,Non-Animal
Indonesia,Nuts inc. Peanut Butter,4.92,8.71,Non-Animal
Iran,Pork,0,0,Animal
Iran,Poultry,25.38,27.26,Animal
Iran,Beef,3.58,110.47,Animal
Iran,Lamb & Goat,3.69,129.22,Animal
Iran,Fish,9.8,15.65,Animal
Iran,Eggs,7.7,7.07,Animal
Iran,Milk - inc. cheese,46.69,66.51,Non-Animal
Iran,Wheat and Wheat Products,153.31,29.24,Non-Animal
Iran,Rice,29.95,38.33,Non-Animal
Iran,Soybeans,0,0,Non-Animal
Iran,Nuts inc. Peanut Butter,12.16,21.52,Non-Animal
Ireland,Pork,32.4,114.68,Animal
Ireland,Poultry,26.26,28.21,Animal
Ireland,Beef,22.35,689.67,Animal
Ireland,Lamb & Goat,4.1,143.58,Animal
Ireland,Fish,17.39,27.77,Animal
Ireland,Eggs,8.96,8.23,Animal
Ireland,Milk - inc. cheese,291.86,415.73,Non-Animal
Ireland,Wheat and Wheat Products,107.98,20.59,Non-Animal
Ireland,Rice,3,3.84,Non-Animal
Ireland,Soybeans,0.25,0.11,Non-Animal
Ireland,Nuts inc. Peanut Butter,4.1,7.26,Non-Animal
Israel,Pork,1.99,7.04,Animal
Israel,Poultry,62.5,67.14,Animal
Israel,Beef,28.78,888.09,Animal
Israel,Lamb & Goat,1.87,65.49,Animal
Israel,Fish,22.18,35.41,Animal
Israel,Eggs,11.35,10.43,Animal
Israel,Milk - inc. cheese,193.6,275.76,Non-Animal
Israel,Wheat and Wheat Products,110.86,21.14,Non-Animal
Israel,Rice,16.81,21.51,Non-Animal
Israel,Soybeans,0.1,0.05,Non-Animal
Israel,Nuts inc. Peanut Butter,7.71,13.65,Non-Animal
Italy,Pork,40.28,142.57,Animal
Italy,Poultry,18.61,19.99,Animal
Italy,Beef,18.6,573.96,Animal
Italy,Lamb & Goat,0.92,32.22,Animal
Italy,Fish,15.6,24.91,Animal
Italy,Eggs,13.34,12.25,Animal
Italy,Milk - inc. cheese,246.88,351.66,Non-Animal
Italy,Wheat and Wheat Products,146.37,27.91,Non-Animal
Italy,Rice,5.74,7.35,Non-Animal
Italy,Soybeans,0.01,0,Non-Animal
Italy,Nuts inc. Peanut Butter,7.63,13.51,Non-Animal
Jamaica,Pork,3.99,14.12,Animal
Jamaica,Poultry,52.51,56.41,Animal
Jamaica,Beef,3.97,122.51,Animal
Jamaica,Lamb & Goat,1.26,44.13,Animal
Jamaica,Fish,21.95,35.05,Animal
Jamaica,Eggs,2.27,2.09,Animal
Jamaica,Milk - inc. cheese,91.13,129.81,Non-Animal
Jamaica,Wheat and Wheat Products,70.67,13.48,Non-Animal
Jamaica,Rice,23.45,30.01,Non-Animal
Jamaica,Soybeans,0,0,Non-Animal
Jamaica,Nuts inc. Peanut Butter,1.82,3.22,Non-Animal
Japan,Pork,20.62,72.98,Animal
Japan,Poultry,19.42,20.86,Animal
Japan,Beef,9.15,282.35,Animal
Japan,Lamb & Goat,0.14,4.9,Animal
Japan,Fish,31.1,49.66,Animal
Japan,Eggs,19.15,17.59,Animal
Japan,Milk - inc. cheese,72.06,102.64,Non-Animal
Japan,Wheat and Wheat Products,45.04,8.59,Non-Animal
Japan,Rice,59.85,76.59,Non-Animal
Japan,Soybeans,7.34,3.3,Non-Animal
Japan,Nuts inc. Peanut Butter,2.59,4.58,Non-Animal
Jordan,Pork,0.02,0.07,Animal
Jordan,Poultry,33.39,35.87,Animal
Jordan,Beef,5.61,173.11,Animal
Jordan,Lamb & Goat,5.68,198.91,Animal
Jordan,Fish,5.13,8.19,Animal
Jordan,Eggs,3.92,3.6,Animal
Jordan,Milk - inc. cheese,77.68,110.65,Non-Animal
Jordan,Wheat and Wheat Products,136.74,26.08,Non-Animal
Jordan,Rice,19.67,25.17,Non-Animal
Jordan,Soybeans,0.02,0.01,Non-Animal
Jordan,Nuts inc. Peanut Butter,3.56,6.3,Non-Animal
Kazakhstan,Pork,10.36,36.67,Animal
Kazakhstan,Poultry,18.38,19.74,Animal
Kazakhstan,Beef,23.38,721.46,Animal
Kazakhstan,Lamb & Goat,9.56,334.79,Animal
Kazakhstan,Fish,5.21,8.32,Animal
Kazakhstan,Eggs,8.29,7.62,Animal
Kazakhstan,Milk - inc. cheese,288.12,410.4,Non-Animal
Kazakhstan,Wheat and Wheat Products,92.31,17.6,Non-Animal
Kazakhstan,Rice,7.32,9.37,Non-Animal
Kazakhstan,Soybeans,0.03,0.01,Non-Animal
Kazakhstan,Nuts inc. Peanut Butter,5.14,9.1,Non-Animal
Kenya,Pork,0.29,1.03,Animal
Kenya,Poultry,0.47,0.5,Animal
Kenya,Beef,9.54,294.38,Animal
Kenya,Lamb & Goat,1.86,65.14,Animal
Kenya,Fish,4.27,6.82,Animal
Kenya,Eggs,1.84,1.69,Animal
Kenya,Milk - inc. cheese,94.86,135.12,Non-Animal
Kenya,Wheat and Wheat Products,34.65,6.61,Non-Animal
Kenya,Rice,12.94,16.56,Non-Animal
Kenya,Soybeans,0.2,0.09,Non-Animal
Kenya,Nuts inc. Peanut Butter,1.64,2.9,Non-Animal
Kuwait,Pork,0,0,Animal
Kuwait,Poultry,53.61,57.59,Animal
Kuwait,Beef,13.03,402.08,Animal
Kuwait,Lamb & Goat,15.61,546.66,Animal
Kuwait,Fish,11.99,19.14,Animal
Kuwait,Eggs,12.6,11.57,Animal
Kuwait,Milk - inc. cheese,157.66,224.57,Non-Animal
Kuwait,Wheat and Wheat Products,96.76,18.45,Non-Animal
Kuwait,Rice,43.83,56.09,Non-Animal
Kuwait,Soybeans,0.06,0.03,Non-Animal
Kuwait,Nuts inc. Peanut Butter,5.23,9.26,Non-Animal
Latvia,Pork,34.96,123.74,Animal
Latvia,Poultry,20.53,22.05,Animal
Latvia,Beef,5.11,157.68,Animal
Latvia,Lamb & Goat,0.34,11.91,Animal
Latvia,Fish,21.3,34.01,Animal
Latvia,Eggs,14.03,12.89,Animal
Latvia,Milk - inc. cheese,174.11,248,Non-Animal
Latvia,Wheat and Wheat Products,72.13,13.76,Non-Animal
Latvia,Rice,2.21,2.83,Non-Animal
Latvia,Soybeans,0.04,0.02,Non-Animal
Latvia,Nuts inc. Peanut Butter,3.78,6.69,Non-Animal
Liberia,Pork,4.01,14.19,Animal
Liberia,Poultry,8.91,9.57,Animal
Liberia,Beef,0.78,24.07,Animal
Liberia,Lamb & Goat,0.48,16.81,Animal
Liberia,Fish,4.13,6.59,Animal
Liberia,Eggs,2.05,1.88,Animal
Liberia,Milk - inc. cheese,3.04,4.33,Non-Animal
Liberia,Wheat and Wheat Products,10.95,2.09,Non-Animal
Liberia,Rice,94.75,121.25,Non-Animal
Liberia,Soybeans,0.63,0.28,Non-Animal
Liberia,Nuts inc. Peanut Butter,1.31,2.32,Non-Animal
Lithuania,Pork,45.67,161.65,Animal
Lithuania,Poultry,26.84,28.83,Animal
Lithuania,Beef,4.49,138.55,Animal
Lithuania,Lamb & Goat,0.24,8.4,Animal
Lithuania,Fish,42.39,67.68,Animal
Lithuania,Eggs,13.11,12.04,Animal
Lithuania,Milk - inc. cheese,295.46,420.85,Non-Animal
Lithuania,Wheat and Wheat Products,121.59,23.19,Non-Animal
Lithuania,Rice,3.07,3.93,Non-Animal
Lithuania,Soybeans,0.02,0.01,Non-Animal
Lithuania,Nuts inc. Peanut Butter,2.13,3.77,Non-Animal
Luxembourg,Pork,43.58,154.25,Animal
Luxembourg,Poultry,21.37,22.96,Animal
Luxembourg,Beef,29.88,922.03,Animal
Luxembourg,Lamb & Goat,1.67,58.48,Animal
Luxembourg,Fish,23.09,36.87,Animal
Luxembourg,Eggs,14.64,13.45,Animal
Luxembourg,Milk - inc. cheese,255.3,363.65,Non-Animal
Luxembourg,Wheat and Wheat Products,103.2,19.68,Non-Animal
Luxembourg,Rice,4.2,5.37,Non-Animal
Luxembourg,Soybeans,0.04,0.02,Non-Animal
Luxembourg,Nuts inc. Peanut Butter,0.93,1.65,Non-Animal
Macedonia,Pork,10.35,36.63,Animal
Macedonia,Poultry,18.77,20.16,Animal
Macedonia,Beef,7.69,237.3,Animal
Macedonia,Lamb & Goat,0.94,32.92,Animal
Macedonia,Fish,5.47,8.73,Animal
Macedonia,Eggs,6.38,5.86,Animal
Macedonia,Milk - inc. cheese,157.93,224.96,Non-Animal
Macedonia,Wheat and Wheat Products,104.8,19.99,Non-Animal
Macedonia,Rice,2.81,3.6,Non-Animal
Macedonia,Soybeans,0.46,0.21,Non-Animal
Macedonia,Nuts inc. Peanut Butter,5.87,10.39,Non-Animal
Madagascar,Pork,2.56,9.06,Animal
Madagascar,Poultry,3.14,3.37,Animal
Madagascar,Beef,7.51,231.74,Animal
Madagascar,Lamb & Goat,0.57,19.96,Animal
Madagascar,Fish,4.41,7.04,Animal
Madagascar,Eggs,0.71,0.65,Animal
Madagascar,Milk - inc. cheese,24.84,35.38,Non-Animal
Madagascar,Wheat and Wheat Products,9.01,1.72,Non-Animal
Madagascar,Rice,102.53,131.21,Non-Animal
Madagascar,Soybeans,0,0,Non-Animal
Madagascar,Nuts inc. Peanut Butter,0.35,0.62,Non-Animal
Malawi,Pork,5.45,19.29,Animal
Malawi,Poultry,1.38,1.48,Animal
Malawi,Beef,2.35,72.52,Animal
Malawi,Lamb & Goat,2.07,72.49,Animal
Malawi,Fish,7.33,11.7,Animal
Malawi,Eggs,1.08,0.99,Animal
Malawi,Milk - inc. cheese,7.98,11.37,Non-Animal
Malawi,Wheat and Wheat Products,11.77,2.24,Non-Animal
Malawi,Rice,4.75,6.08,Non-Animal
Malawi,Soybeans,1.76,0.79,Non-Animal
Malawi,Nuts inc. Peanut Butter,5.08,8.99,Non-Animal
Malaysia,Pork,7.76,27.47,Animal
Malaysia,Poultry,41.01,44.05,Animal
Malaysia,Beef,6.52,201.19,Animal
Malaysia,Lamb & Goat,0.94,32.92,Animal
Malaysia,Fish,49.43,78.92,Animal
Malaysia,Eggs,16.57,15.22,Animal
Malaysia,Milk - inc. cheese,25.28,36.01,Non-Animal
Malaysia,Wheat and Wheat Products,51.04,9.73,Non-Animal
Malaysia,Rice,81.25,103.98,Non-Animal
Malaysia,Soybeans,0.04,0.02,Non-Animal
Malaysia,Nuts inc. Peanut Butter,2.9,5.13,Non-Animal
Maldives,Pork,1.22,4.32,Animal
Maldives,Poultry,18.47,19.84,Animal
Maldives,Beef,9.44,291.3,Animal
Maldives,Lamb & Goat,0.7,24.51,Animal
Maldives,Fish,179.71,286.94,Animal
Maldives,Eggs,10.79,9.91,Animal
Maldives,Milk - inc. cheese,111.47,158.78,Non-Animal
Maldives,Wheat and Wheat Products,77.77,14.83,Non-Animal
Maldives,Rice,50.73,64.92,Non-Animal
Maldives,Soybeans,0.2,0.09,Non-Animal
Maldives,Nuts inc. Peanut Butter,15.83,28.02,Non-Animal
Malta,Pork,34.24,121.19,Animal
Malta,Poultry,26.4,28.36,Animal
Malta,Beef,19.22,593.09,Animal
Malta,Lamb & Goat,1.19,41.67,Animal
Malta,Fish,24.58,39.25,Animal
Malta,Eggs,11.64,10.69,Animal
Malta,Milk - inc. cheese,190.06,270.72,Non-Animal
Malta,Wheat and Wheat Products,139.58,26.62,Non-Animal
Malta,Rice,4.96,6.35,Non-Animal
Malta,Soybeans,0.05,0.02,Non-Animal
Malta,Nuts inc. Peanut Butter,5.62,9.95,Non-Animal
Mauritius,Pork,4.08,14.44,Animal
Mauritius,Poultry,38.51,41.37,Animal
Mauritius,Beef,5.99,184.84,Animal
Mauritius,Lamb & Goat,4.08,142.88,Animal
Mauritius,Fish,19.66,31.39,Animal
Mauritius,Eggs,6.32,5.81,Animal
Mauritius,Milk - inc. cheese,117.27,167.04,Non-Animal
Mauritius,Wheat and Wheat Products,114.02,21.74,Non-Animal
Mauritius,Rice,45.56,58.3,Non-Animal
Mauritius,Soybeans,0.3,0.14,Non-Animal
Mauritius,Nuts inc. Peanut Butter,2.33,4.12,Non-Animal
Mexico,Pork,15.23,53.91,Animal
Mexico,Poultry,30.12,32.35,Animal
Mexico,Beef,15.33,473.05,Animal
Mexico,Lamb & Goat,0.89,31.17,Animal
Mexico,Fish,7.56,12.07,Animal
Mexico,Eggs,18.34,16.85,Animal
Mexico,Milk - inc. cheese,111.87,159.35,Non-Animal
Mexico,Wheat and Wheat Products,35.21,6.71,Non-Animal
Mexico,Rice,5.64,7.22,Non-Animal
Mexico,Soybeans,0.02,0.01,Non-Animal
Mexico,Nuts inc. Peanut Butter,2.51,4.44,Non-Animal
Morocco,Pork,0.01,0.04,Animal
Morocco,Poultry,20.77,22.31,Animal
Morocco,Beef,8.04,248.1,Animal
Morocco,Lamb & Goat,4.36,152.69,Animal
Morocco,Fish,17.44,27.85,Animal
Morocco,Eggs,6.68,6.14,Animal
Morocco,Milk - inc. cheese,54.68,77.89,Non-Animal
Morocco,Wheat and Wheat Products,179.7,34.27,Non-Animal
Morocco,Rice,1.1,1.41,Non-Animal
Morocco,Soybeans,0,0,Non-Animal
Morocco,Nuts inc. Peanut Butter,3.23,5.72,Non-Animal
Mozambique,Pork,5.13,18.16,Animal
Mozambique,Poultry,1.41,1.51,Animal
Mozambique,Beef,1.04,32.09,Animal
Mozambique,Lamb & Goat,0.9,31.52,Animal
Mozambique,Fish,7.74,12.36,Animal
Mozambique,Eggs,1.7,1.56,Animal
Mozambique,Milk - inc. cheese,4.79,6.82,Non-Animal
Mozambique,Wheat and Wheat Products,14.65,2.79,Non-Animal
Mozambique,Rice,23.41,29.96,Non-Animal
Mozambique,Soybeans,0.03,0.01,Non-Animal
Mozambique,Nuts inc. Peanut Butter,2.61,4.62,Non-Animal
Myanmar,Pork,11.31,40.03,Animal
Myanmar,Poultry,21.87,23.49,Animal
Myanmar,Beef,4.94,152.44,Animal
Myanmar,Lamb & Goat,0.89,31.17,Animal
Myanmar,Fish,54.26,86.64,Animal
Myanmar,Eggs,6.45,5.92,Animal
Myanmar,Milk - inc. cheese,31.48,44.84,Non-Animal
Myanmar,Wheat and Wheat Products,6.22,1.19,Non-Animal
Myanmar,Rice,132.8,169.94,Non-Animal
Myanmar,Soybeans,0.38,0.17,Non-Animal
Myanmar,Nuts inc. Peanut Butter,4.5,7.97,Non-Animal
Namibia,Pork,4.21,14.9,Animal
Namibia,Poultry,12.19,13.09,Animal
Namibia,Beef,3.75,115.72,Animal
Namibia,Lamb & Goat,2.27,79.5,Animal
Namibia,Fish,10.7,17.08,Animal
Namibia,Eggs,1.63,1.5,Animal
Namibia,Milk - inc. cheese,73.05,104.05,Non-Animal
Namibia,Wheat and Wheat Products,36.26,6.91,Non-Animal
Namibia,Rice,6.31,8.07,Non-Animal
Namibia,Soybeans,0.07,0.03,Non-Animal
Namibia,Nuts inc. Peanut Butter,0.71,1.26,Non-Animal
Nepal,Pork,0.67,2.37,Animal
Nepal,Poultry,1.56,1.68,Animal
Nepal,Beef,7.89,243.47,Animal
Nepal,Lamb & Goat,2.1,73.54,Animal
Nepal,Fish,2.17,3.46,Animal
Nepal,Eggs,1.42,1.3,Animal
Nepal,Milk - inc. cheese,52.1,74.21,Non-Animal
Nepal,Wheat and Wheat Products,50.46,9.62,Non-Animal
Nepal,Rice,87.75,112.29,Non-Animal
Nepal,Soybeans,0.01,0,Non-Animal
Nepal,Nuts inc. Peanut Butter,2.42,4.28,Non-Animal
Netherlands,Pork,36.36,128.7,Animal
Netherlands,Poultry,23.9,25.67,Animal
Netherlands,Beef,17.67,545.26,Animal
Netherlands,Lamb & Goat,0.94,32.92,Animal
Netherlands,Fish,18.64,29.76,Animal
Netherlands,Eggs,14.03,12.89,Animal
Netherlands,Milk - inc. cheese,341.47,486.39,Non-Animal
Netherlands,Wheat and Wheat Products,70.17,13.38,Non-Animal
Netherlands,Rice,2.93,3.75,Non-Animal
Netherlands,Soybeans,0.12,0.05,Non-Animal
Netherlands,Nuts inc. Peanut Butter,7.94,14.05,Non-Animal
New Caledonia,Pork,19.9,70.44,Animal
New Caledonia,Poultry,44.36,47.65,Animal
New Caledonia,Beef,16.07,495.89,Animal
New Caledonia,Lamb & Goat,1.95,68.29,Animal
New Caledonia,Fish,19.38,30.94,Animal
New Caledonia,Eggs,8.85,8.13,Animal
New Caledonia,Milk - inc. cheese,108,153.84,Non-Animal
New Caledonia,Wheat and Wheat Products,81.75,15.59,Non-Animal
New Caledonia,Rice,17.47,22.36,Non-Animal
New Caledonia,Soybeans,0.55,0.25,Non-Animal
New Caledonia,Nuts inc. Peanut Butter,2.96,5.24,Non-Animal
New Zealand,Pork,22.29,78.9,Animal
New Zealand,Poultry,34.98,37.58,Animal
New Zealand,Beef,22.49,693.99,Animal
New Zealand,Lamb & Goat,18.91,662.23,Animal
New Zealand,Fish,20.36,32.51,Animal
New Zealand,Eggs,9.91,9.1,Animal
New Zealand,Milk - inc. cheese,137.25,195.5,Non-Animal
New Zealand,Wheat and Wheat Products,76.91,14.67,Non-Animal
New Zealand,Rice,9.16,11.72,Non-Animal
New Zealand,Soybeans,0.44,0.2,Non-Animal
New Zealand,Nuts inc. Peanut Butter,8.22,14.55,Non-Animal
Nicaragua,Pork,3.38,11.96,Animal
Nicaragua,Poultry,21.31,22.89,Animal
Nicaragua,Beef,4.73,145.96,Animal
Nicaragua,Lamb & Goat,0.01,0.35,Animal
Nicaragua,Fish,3.59,5.73,Animal
Nicaragua,Eggs,4.9,4.5,Animal
Nicaragua,Milk - inc. cheese,85.16,121.3,Non-Animal
Nicaragua,Wheat and Wheat Products,28.17,5.37,Non-Animal
Nicaragua,Rice,43.33,55.45,Non-Animal
Nicaragua,Soybeans,0.01,0,Non-Animal
Nicaragua,Nuts inc. Peanut Butter,2.36,4.18,Non-Animal
Niger,Pork,0.09,0.32,Animal
Niger,Poultry,1.08,1.16,Animal
Niger,Beef,8.97,276.8,Animal
Niger,Lamb & Goat,4.17,146.03,Animal
Niger,Fish,2.7,4.31,Animal
Niger,Eggs,0.3,0.28,Animal
Niger,Milk - inc. cheese,58.92,83.93,Non-Animal
Niger,Wheat and Wheat Products,4.79,0.91,Non-Animal
Niger,Rice,13.17,16.85,Non-Animal
Niger,Soybeans,0,0,Non-Animal
Niger,Nuts inc. Peanut Butter,6.95,12.3,Non-Animal
Nigeria,Pork,1.47,5.2,Animal
Nigeria,Poultry,1.73,1.86,Animal
Nigeria,Beef,2.33,71.9,Animal
Nigeria,Lamb & Goat,2.72,95.25,Animal
Nigeria,Fish,16.03,25.59,Animal
Nigeria,Eggs,3.46,3.18,Animal
Nigeria,Milk - inc. cheese,7.91,11.27,Non-Animal
Nigeria,Wheat and Wheat Products,20.82,3.97,Non-Animal
Nigeria,Rice,28.23,36.13,Non-Animal
Nigeria,Soybeans,2.6,1.17,Non-Animal
Nigeria,Nuts inc. Peanut Butter,6.93,12.27,Non-Animal
Norway,Pork,23.51,83.21,Animal
Norway,Poultry,21.01,22.57,Animal
Norway,Beef,19.83,611.91,Animal
Norway,Lamb & Goat,5.34,187.01,Animal
Norway,Fish,38.18,60.96,Animal
Norway,Eggs,11.41,10.48,Animal
Norway,Milk - inc. cheese,261.34,372.25,Non-Animal
Norway,Wheat and Wheat Products,97.12,18.52,Non-Animal
Norway,Rice,4.36,5.58,Non-Animal
Norway,Soybeans,0.11,0.05,Non-Animal
Norway,Nuts inc. Peanut Butter,5.28,9.35,Non-Animal
Oman,Pork,0.01,0.04,Animal
Oman,Poultry,31.51,33.85,Animal
Oman,Beef,15.1,465.95,Animal
Oman,Lamb & Goat,12.87,450.71,Animal
Oman,Fish,21.56,34.42,Animal
Oman,Eggs,7.8,7.17,Animal
Oman,Milk - inc. cheese,152.28,216.91,Non-Animal
Oman,Wheat and Wheat Products,64.1,12.22,Non-Animal
Oman,Rice,56.55,72.37,Non-Animal
Oman,Soybeans,0.21,0.09,Non-Animal
Oman,Nuts inc. Peanut Butter,1.68,2.97,Non-Animal
Pakistan,Pork,0,0,Animal
Pakistan,Poultry,5.01,5.38,Animal
Pakistan,Beef,8.82,272.17,Animal
Pakistan,Lamb & Goat,2.46,86.15,Animal
Pakistan,Fish,1.87,2.99,Animal
Pakistan,Eggs,2.95,2.71,Animal
Pakistan,Milk - inc. cheese,183.13,260.85,Non-Animal
Pakistan,Wheat and Wheat Products,113.63,21.67,Non-Animal
Pakistan,Rice,12.25,15.68,Non-Animal
Pakistan,Soybeans,0,0,Non-Animal
Pakistan,Nuts inc. Peanut Butter,0.83,1.47,Non-Animal
Panama,Pork,13.48,47.71,Animal
Panama,Poultry,30.81,33.1,Animal
Panama,Beef,20.4,629.5,Animal
Panama,Lamb & Goat,0.01,0.35,Animal
Panama,Fish,11.05,17.64,Animal
Panama,Eggs,4.53,4.16,Animal
Panama,Milk - inc. cheese,70.29,100.12,Non-Animal
Panama,Wheat and Wheat Products,38.96,7.43,Non-Animal
Panama,Rice,66.42,85,Non-Animal
Panama,Soybeans,3.53,1.59,Non-Animal
Panama,Nuts inc. Peanut Butter,1.05,1.86,Non-Animal
Paraguay,Pork,26.24,92.88,Animal
Paraguay,Poultry,6.39,6.86,Animal
Paraguay,Beef,19.81,611.29,Animal
Paraguay,Lamb & Goat,0.56,19.61,Animal
Paraguay,Fish,3.6,5.75,Animal
Paraguay,Eggs,18.83,17.3,Animal
Paraguay,Milk - inc. cheese,75.72,107.86,Non-Animal
Paraguay,Wheat and Wheat Products,31.51,6.01,Non-Animal
Paraguay,Rice,4.91,6.28,Non-Animal
Paraguay,Soybeans,0,0,Non-Animal
Paraguay,Nuts inc. Peanut Butter,1.6,2.83,Non-Animal
Peru,Pork,3.85,13.63,Animal
Peru,Poultry,11.72,12.59,Animal
Peru,Beef,4.69,144.72,Animal
Peru,Lamb & Goat,1,35.02,Animal
Peru,Fish,15.74,25.13,Animal
Peru,Eggs,8.76,8.05,Animal
Peru,Milk - inc. cheese,62.15,88.53,Non-Animal
Peru,Wheat and Wheat Products,56.12,10.7,Non-Animal
Peru,Rice,48.92,62.6,Non-Animal
Peru,Soybeans,1.59,0.72,Non-Animal
Peru,Nuts inc. Peanut Butter,0.65,1.15,Non-Animal
Philippines,Pork,18.4,65.13,Animal
Philippines,Poultry,11.91,12.79,Animal
Philippines,Beef,4.06,125.28,Animal
Philippines,Lamb & Goat,0.56,19.61,Animal
Philippines,Fish,28.51,45.52,Animal
Philippines,Eggs,4.02,3.69,Animal
Philippines,Milk - inc. cheese,15.66,22.31,Non-Animal
Philippines,Wheat and Wheat Products,23.12,4.41,Non-Animal
Philippines,Rice,119.44,152.85,Non-Animal
Philippines,Soybeans,0.03,0.01,Non-Animal
Philippines,Nuts inc. Peanut Butter,2.08,3.68,Non-Animal
Poland,Pork,46.19,163.49,Animal
Poland,Poultry,27.41,29.44,Animal
Poland,Beef,2.32,71.59,Animal
Poland,Lamb & Goat,0.02,0.7,Animal
Poland,Fish,10.49,16.75,Animal
Poland,Eggs,7.53,6.92,Animal
Poland,Milk - inc. cheese,205.39,292.56,Non-Animal
Poland,Wheat and Wheat Products,108.83,20.75,Non-Animal
Poland,Rice,0.95,1.22,Non-Animal
Poland,Soybeans,0.06,0.03,Non-Animal
Poland,Nuts inc. Peanut Butter,2.23,3.95,Non-Animal
Portugal,Pork,37.91,134.18,Animal
Portugal,Poultry,30.14,32.38,Animal
Portugal,Beef,16.45,507.61,Animal
Portugal,Lamb & Goat,2.38,83.35,Animal
Portugal,Fish,45.39,72.47,Animal
Portugal,Eggs,9.05,8.31,Animal
Portugal,Milk - inc. cheese,205.04,292.06,Non-Animal
Portugal,Wheat and Wheat Products,94.3,17.98,Non-Animal
Portugal,Rice,14.86,19.02,Non-Animal
Portugal,Soybeans,0.01,0,Non-Animal
Portugal,Nuts inc. Peanut Butter,3.91,6.92,Non-Animal
Romania,Pork,25.31,89.58,Animal
Romania,Poultry,15.38,16.52,Animal
Romania,Beef,4.78,147.5,Animal
Romania,Lamb & Goat,3.41,119.42,Animal
Romania,Fish,6.07,9.69,Animal
Romania,Eggs,12.94,11.89,Animal
Romania,Milk - inc. cheese,238.33,339.48,Non-Animal
Romania,Wheat and Wheat Products,134.87,25.72,Non-Animal
Romania,Rice,2.59,3.31,Non-Animal
Romania,Soybeans,0.01,0,Non-Animal
Romania,Nuts inc. Peanut Butter,1.8,3.19,Non-Animal
Russia,Pork,25.66,90.82,Animal
Russia,Poultry,27.5,29.54,Animal
Russia,Beef,16.98,523.97,Animal
Russia,Lamb & Goat,1.4,49.03,Animal
Russia,Fish,20.82,33.24,Animal
Russia,Eggs,15.43,14.17,Animal
Russia,Milk - inc. cheese,163.57,232.99,Non-Animal
Russia,Wheat and Wheat Products,130.99,24.98,Non-Animal
Russia,Rice,4.71,6.03,Non-Animal
Russia,Soybeans,0.05,0.02,Non-Animal
Russia,Nuts inc. Peanut Butter,1.62,2.87,Non-Animal
Rwanda,Pork,0.76,2.69,Animal
Rwanda,Poultry,1.34,1.44,Animal
Rwanda,Beef,2.53,78.07,Animal
Rwanda,Lamb & Goat,1.93,67.59,Animal
Rwanda,Fish,3.88,6.2,Animal
Rwanda,Eggs,0.16,0.15,Animal
Rwanda,Milk - inc. cheese,7.23,10.3,Non-Animal
Rwanda,Wheat and Wheat Products,11.34,2.16,Non-Animal
Rwanda,Rice,8.7,11.13,Non-Animal
Rwanda,Soybeans,1.93,0.87,Non-Animal
Rwanda,Nuts inc. Peanut Butter,0.58,1.03,Non-Animal
Saudi Arabia,Pork,0,0,Animal
Saudi Arabia,Poultry,49.05,52.69,Animal
Saudi Arabia,Beef,6.45,199.03,Animal
Saudi Arabia,Lamb & Goat,6.54,229.03,Animal
Saudi Arabia,Fish,11.99,19.14,Animal
Saudi Arabia,Eggs,5.37,4.93,Animal
Saudi Arabia,Milk - inc. cheese,83.65,119.15,Non-Animal
Saudi Arabia,Wheat and Wheat Products,89.47,17.06,Non-Animal
Saudi Arabia,Rice,36.02,46.09,Non-Animal
Saudi Arabia,Soybeans,0.05,0.02,Non-Animal
Saudi Arabia,Nuts inc. Peanut Butter,3.23,5.72,Non-Animal
Senegal,Pork,0.94,3.33,Animal
Senegal,Poultry,4.62,4.96,Animal
Senegal,Beef,5.85,180.52,Animal
Senegal,Lamb & Goat,3.19,111.71,Animal
Senegal,Fish,22.94,36.63,Animal
Senegal,Eggs,1.63,1.5,Animal
Senegal,Milk - inc. cheese,16.86,24.02,Non-Animal
Senegal,Wheat and Wheat Products,37.32,7.12,Non-Animal
Senegal,Rice,72.29,92.51,Non-Animal
Senegal,Soybeans,0,0,Non-Animal
Senegal,Nuts inc. Peanut Butter,4.03,7.13,Non-Animal
Serbia,Pork,32.04,113.41,Animal
Serbia,Poultry,10.64,11.43,Animal
Serbia,Beef,7.05,217.55,Animal
Serbia,Lamb & Goat,3.56,124.67,Animal
Serbia,Fish,5.59,8.93,Animal
Serbia,Eggs,8.89,8.17,Animal
Serbia,Milk - inc. cheese,148.53,211.57,Non-Animal
Serbia,Wheat and Wheat Products,105.88,20.19,Non-Animal
Serbia,Rice,1.22,1.56,Non-Animal
Serbia,Soybeans,0,0,Non-Animal
Serbia,Nuts inc. Peanut Butter,3.31,5.86,Non-Animal
Sierra Leone,Pork,1.22,4.32,Animal
Sierra Leone,Poultry,4.97,5.34,Animal
Sierra Leone,Beef,1.99,61.41,Animal
Sierra Leone,Lamb & Goat,0.65,22.76,Animal
Sierra Leone,Fish,32.03,51.14,Animal
Sierra Leone,Eggs,1.92,1.76,Animal
Sierra Leone,Milk - inc. cheese,7,9.97,Non-Animal
Sierra Leone,Wheat and Wheat Products,8.72,1.66,Non-Animal
Sierra Leone,Rice,103.3,132.19,Non-Animal
Sierra Leone,Soybeans,0,0,Non-Animal
Sierra Leone,Nuts inc. Peanut Butter,5.57,9.86,Non-Animal
Slovakia,Pork,31.78,112.49,Animal
Slovakia,Poultry,15.13,16.25,Animal
Slovakia,Beef,5.19,160.15,Animal
Slovakia,Lamb & Goat,0.16,5.6,Animal
Slovakia,Fish,8.39,13.4,Animal
Slovakia,Eggs,16.05,14.74,Animal
Slovakia,Milk - inc. cheese,143.14,203.89,Non-Animal
Slovakia,Wheat and Wheat Products,123.62,23.57,Non-Animal
Slovakia,Rice,2.88,3.69,Non-Animal
Slovakia,Soybeans,0.02,0.01,Non-Animal
Slovakia,Nuts inc. Peanut Butter,3.7,6.55,Non-Animal
Slovenia,Pork,28.19,99.78,Animal
Slovenia,Poultry,23.46,25.2,Animal
Slovenia,Beef,18.43,568.71,Animal
Slovenia,Lamb & Goat,0.79,27.67,Animal
Slovenia,Fish,7.76,12.39,Animal
Slovenia,Eggs,9.36,8.6,Animal
Slovenia,Milk - inc. cheese,235.01,334.75,Non-Animal
Slovenia,Wheat and Wheat Products,103.43,19.72,Non-Animal
Slovenia,Rice,3.95,5.05,Non-Animal
Slovenia,Soybeans,0.75,0.34,Non-Animal
Slovenia,Nuts inc. Peanut Butter,5.28,9.35,Non-Animal
South Africa,Pork,4.16,14.72,Animal
South Africa,Poultry,37.57,40.36,Animal
South Africa,Beef,18.03,556.37,Animal
South Africa,Lamb & Goat,4.28,149.89,Animal
South Africa,Fish,5.56,8.88,Animal
South Africa,Eggs,7.21,6.62,Animal
South Africa,Milk - inc. cheese,55.75,79.41,Non-Animal
South Africa,Wheat and Wheat Products,60.13,11.47,Non-Animal
South Africa,Rice,17.41,22.28,Non-Animal
South Africa,Soybeans,1.27,0.57,Non-Animal
South Africa,Nuts inc. Peanut Butter,1.04,1.84,Non-Animal
South Korea,Pork,32.76,115.95,Animal
South Korea,Poultry,16,17.19,Animal
South Korea,Beef,14.53,448.37,Animal
South Korea,Lamb & Goat,0.14,4.9,Animal
South Korea,Fish,33.09,52.83,Animal
South Korea,Eggs,11.24,10.33,Animal
South Korea,Milk - inc. cheese,29.05,41.38,Non-Animal
South Korea,Wheat and Wheat Products,50.84,9.7,Non-Animal
South Korea,Rice,85.18,109,Non-Animal
South Korea,Soybeans,8.35,3.76,Non-Animal
South Korea,Nuts inc. Peanut Butter,4.88,8.64,Non-Animal
Spain,Pork,48.92,173.15,Animal
Spain,Poultry,28.63,30.75,Animal
Spain,Beef,12.15,374.92,Animal
Spain,Lamb & Goat,2.16,75.64,Animal
Spain,Fish,28.83,46.03,Animal
Spain,Eggs,13.32,12.24,Animal
Spain,Milk - inc. cheese,164.29,234.01,Non-Animal
Spain,Wheat and Wheat Products,93.88,17.9,Non-Animal
Spain,Rice,8.32,10.65,Non-Animal
Spain,Soybeans,0.02,0.01,Non-Animal
Spain,Nuts inc. Peanut Butter,7.44,13.17,Non-Animal
Sri Lanka,Pork,0.05,0.18,Animal
Sri Lanka,Poultry,4.96,5.33,Animal
Sri Lanka,Beef,1.38,42.58,Animal
Sri Lanka,Lamb & Goat,0.09,3.15,Animal
Sri Lanka,Fish,24.92,39.79,Animal
Sri Lanka,Eggs,4.57,4.2,Animal
Sri Lanka,Milk - inc. cheese,34.98,49.83,Non-Animal
Sri Lanka,Wheat and Wheat Products,37.01,7.06,Non-Animal
Sri Lanka,Rice,109.72,140.41,Non-Animal
Sri Lanka,Soybeans,0,0,Non-Animal
Sri Lanka,Nuts inc. Peanut Butter,1.09,1.93,Non-Animal
Swaziland,Pork,2.43,8.6,Animal
Swaziland,Poultry,6.18,6.64,Animal
Swaziland,Beef,15.1,465.95,Animal
Swaziland,Lamb & Goat,1.94,67.94,Animal
Swaziland,Fish,1.26,2.01,Animal
Swaziland,Eggs,1.5,1.38,Animal
Swaziland,Milk - inc. cheese,56.6,80.62,Non-Animal
Swaziland,Wheat and Wheat Products,37.15,7.08,Non-Animal
Swaziland,Rice,21.15,27.07,Non-Animal
Swaziland,Soybeans,0.55,0.25,Non-Animal
Swaziland,Nuts inc. Peanut Butter,6.44,11.4,Non-Animal
Sweden,Pork,37,130.96,Animal
Sweden,Poultry,16.64,17.87,Animal
Sweden,Beef,24.58,758.49,Animal
Sweden,Lamb & Goat,1.41,49.38,Animal
Sweden,Fish,23.86,38.1,Animal
Sweden,Eggs,13.37,12.28,Animal
Sweden,Milk - inc. cheese,341.23,486.05,Non-Animal
Sweden,Wheat and Wheat Products,79.59,15.18,Non-Animal
Sweden,Rice,5.96,7.63,Non-Animal
Sweden,Soybeans,0.13,0.06,Non-Animal
Sweden,Nuts inc. Peanut Butter,6.23,11.03,Non-Animal
Switzerland,Pork,31.49,111.46,Animal
Switzerland,Poultry,16.38,17.6,Animal
Switzerland,Beef,21.26,656.04,Animal
Switzerland,Lamb & Goat,1.42,49.73,Animal
Switzerland,Fish,13.48,21.52,Animal
Switzerland,Eggs,10.53,9.67,Animal
Switzerland,Milk - inc. cheese,318.69,453.94,Non-Animal
Switzerland,Wheat and Wheat Products,89.51,17.07,Non-Animal
Switzerland,Rice,2.43,3.11,Non-Animal
Switzerland,Soybeans,0.44,0.2,Non-Animal
Switzerland,Nuts inc. Peanut Butter,9.27,16.41,Non-Animal
Taiwan. ROC,Pork,39.37,139.35,Animal
Taiwan. ROC,Poultry,32.13,34.51,Animal
Taiwan. ROC,Beef,5.21,160.77,Animal
Taiwan. ROC,Lamb & Goat,0.92,32.22,Animal
Taiwan. ROC,Fish,18.29,29.2,Animal
Taiwan. ROC,Eggs,13.08,12.02,Animal
Taiwan. ROC,Milk - inc. cheese,41.72,59.43,Non-Animal
Taiwan. ROC,Wheat and Wheat Products,50.92,9.71,Non-Animal
Taiwan. ROC,Rice,45.85,58.67,Non-Animal
Taiwan. ROC,Soybeans,16.95,7.63,Non-Animal
Taiwan. ROC,Nuts inc. Peanut Butter,9.06,16.04,Non-Animal
Tanzania,Pork,0.32,1.13,Animal
Tanzania,Poultry,1.84,1.98,Animal
Tanzania,Beef,6.09,187.92,Animal
Tanzania,Lamb & Goat,1.28,44.83,Animal
Tanzania,Fish,5.5,8.78,Animal
Tanzania,Eggs,0.58,0.53,Animal
Tanzania,Milk - inc. cheese,40.29,57.39,Non-Animal
Tanzania,Wheat and Wheat Products,15.94,3.04,Non-Animal
Tanzania,Rice,21.01,26.89,Non-Animal
Tanzania,Soybeans,0.04,0.02,Non-Animal
Tanzania,Nuts inc. Peanut Butter,5.94,10.51,Non-Animal
Thailand,Pork,13,46.01,Animal
Thailand,Poultry,13.69,14.71,Animal
Thailand,Beef,2.56,79,Animal
Thailand,Lamb & Goat,0.05,1.75,Animal
Thailand,Fish,19.45,31.06,Animal
Thailand,Eggs,12.35,11.34,Animal
Thailand,Milk - inc. cheese,29.35,41.81,Non-Animal
Thailand,Wheat and Wheat Products,10.93,2.08,Non-Animal
Thailand,Rice,114.57,146.62,Non-Animal
Thailand,Soybeans,2.13,0.96,Non-Animal
Thailand,Nuts inc. Peanut Butter,1.5,2.66,Non-Animal
Togo,Pork,1.57,5.56,Animal
Togo,Poultry,6.63,7.12,Animal
Togo,Beef,1.53,47.21,Animal
Togo,Lamb & Goat,1.58,55.33,Animal
Togo,Fish,11.69,18.67,Animal
Togo,Eggs,0.86,0.79,Animal
Togo,Milk - inc. cheese,7.96,11.34,Non-Animal
Togo,Wheat and Wheat Products,12.91,2.46,Non-Animal
Togo,Rice,25.99,33.26,Non-Animal
Togo,Soybeans,0.01,0,Non-Animal
Togo,Nuts inc. Peanut Butter,3.59,6.35,Non-Animal
Trinidad and Tobago,Pork,8.92,31.57,Animal
Trinidad and Tobago,Poultry,58.27,62.59,Animal
Trinidad and Tobago,Beef,6.13,189.16,Animal
Trinidad and Tobago,Lamb & Goat,2.79,97.71,Animal
Trinidad and Tobago,Fish,20.54,32.8,Animal
Trinidad and Tobago,Eggs,4.2,3.86,Animal
Trinidad and Tobago,Milk - inc. cheese,103.8,147.85,Non-Animal
Trinidad and Tobago,Wheat and Wheat Products,90.17,17.2,Non-Animal
Trinidad and Tobago,Rice,16.38,20.96,Non-Animal
Trinidad and Tobago,Soybeans,0.04,0.02,Non-Animal
Trinidad and Tobago,Nuts inc. Peanut Butter,3.78,6.69,Non-Animal
Tunisia,Pork,0,0,Animal
Tunisia,Poultry,18.5,19.87,Animal
Tunisia,Beef,5.53,170.64,Animal
Tunisia,Lamb & Goat,5.34,187.01,Animal
Tunisia,Fish,12.63,20.17,Animal
Tunisia,Eggs,7.67,7.05,Animal
Tunisia,Milk - inc. cheese,114.47,163.05,Non-Animal
Tunisia,Wheat and Wheat Products,197.5,37.66,Non-Animal
Tunisia,Rice,1.07,1.37,Non-Animal
Tunisia,Soybeans,1.88,0.85,Non-Animal
Tunisia,Nuts inc. Peanut Butter,6.34,11.22,Non-Animal
Turkey,Pork,0.01,0.04,Animal
Turkey,Poultry,18.78,20.17,Animal
Turkey,Beef,11.64,359.19,Animal
Turkey,Lamb & Goat,4.68,163.89,Animal
Turkey,Fish,5.58,8.91,Animal
Turkey,Eggs,8.2,7.53,Animal
Turkey,Milk - inc. cheese,193.94,276.25,Non-Animal
Turkey,Wheat and Wheat Products,169.96,32.41,Non-Animal
Turkey,Rice,10.74,13.74,Non-Animal
Turkey,Soybeans,1.71,0.77,Non-Animal
Turkey,Nuts inc. Peanut Butter,7.97,14.11,Non-Animal
Uganda,Pork,3.37,11.93,Animal
Uganda,Poultry,1.51,1.62,Animal
Uganda,Beef,5.15,158.92,Animal
Uganda,Lamb & Goat,1.25,43.77,Animal
Uganda,Fish,12.5,19.96,Animal
Uganda,Eggs,0.97,0.89,Animal
Uganda,Milk - inc. cheese,37.27,53.09,Non-Animal
Uganda,Wheat and Wheat Products,10.14,1.93,Non-Animal
Uganda,Rice,4.64,5.94,Non-Animal
Uganda,Soybeans,0.01,0,Non-Animal
Uganda,Nuts inc. Peanut Butter,3.77,6.67,Non-Animal
Ukraine,Pork,20.56,72.77,Animal
Ukraine,Poultry,24.23,26.03,Animal
Ukraine,Beef,8.96,276.49,Animal
Ukraine,Lamb & Goat,0.41,14.36,Animal
Ukraine,Fish,15.23,24.32,Animal
Ukraine,Eggs,18.01,16.54,Animal
Ukraine,Milk - inc. cheese,145.03,206.58,Non-Animal
Ukraine,Wheat and Wheat Products,105.15,20.05,Non-Animal
Ukraine,Rice,3,3.84,Non-Animal
Ukraine,Soybeans,0.02,0.01,Non-Animal
Ukraine,Nuts inc. Peanut Butter,2.68,4.74,Non-Animal
United Arab Emirates,Pork,0,0,Animal
United Arab Emirates,Poultry,41.04,44.09,Animal
United Arab Emirates,Beef,5.64,174.04,Animal
United Arab Emirates,Lamb & Goat,9.08,317.98,Animal
United Arab Emirates,Fish,20.41,32.59,Animal
United Arab Emirates,Eggs,8.23,7.56,Animal
United Arab Emirates,Milk - inc. cheese,132.66,188.96,Non-Animal
United Arab Emirates,Wheat and Wheat Products,101.29,19.32,Non-Animal
United Arab Emirates,Rice,56.25,71.98,Non-Animal
United Arab Emirates,Soybeans,0.08,0.04,Non-Animal
United Arab Emirates,Nuts inc. Peanut Butter,23.03,40.76,Non-Animal
United Kingdom,Pork,25.79,91.28,Animal
United Kingdom,Poultry,31.55,33.89,Animal
United Kingdom,Beef,18.12,559.15,Animal
United Kingdom,Lamb & Goat,4.49,157.24,Animal
United Kingdom,Fish,15.49,24.73,Animal
United Kingdom,Eggs,11.08,10.18,Animal
United Kingdom,Milk - inc. cheese,232.2,330.75,Non-Animal
United Kingdom,Wheat and Wheat Products,98.63,18.81,Non-Animal
United Kingdom,Rice,6.39,8.18,Non-Animal
United Kingdom,Soybeans,0.05,0.02,Non-Animal
United Kingdom,Nuts inc. Peanut Butter,4.18,7.4,Non-Animal
Uruguay,Pork,16.84,59.61,Animal
Uruguay,Poultry,27.45,29.49,Animal
Uruguay,Beef,29.1,897.96,Animal
Uruguay,Lamb & Goat,8.23,288.21,Animal
Uruguay,Fish,6.53,10.43,Animal
Uruguay,Eggs,13.14,12.07,Animal
Uruguay,Milk - inc. cheese,210.54,299.89,Non-Animal
Uruguay,Wheat and Wheat Products,109.31,20.85,Non-Animal
Uruguay,Rice,11.5,14.72,Non-Animal
Uruguay,Soybeans,0.01,0,Non-Animal
Uruguay,Nuts inc. Peanut Butter,0.95,1.68,Non-Animal
USA,Pork,27.64,97.83,Animal
USA,Poultry,50.01,53.72,Animal
USA,Beef,36.24,1118.29,Animal
USA,Lamb & Goat,0.43,15.06,Animal
USA,Fish,12.35,19.72,Animal
USA,Eggs,14.58,13.39,Animal
USA,Milk - inc. cheese,254.69,362.78,Non-Animal
USA,Wheat and Wheat Products,80.43,15.34,Non-Animal
USA,Rice,6.88,8.8,Non-Animal
USA,Soybeans,0.04,0.02,Non-Animal
USA,Nuts inc. Peanut Butter,7.86,13.91,Non-Animal
Venezuela,Pork,7.23,25.59,Animal
Venezuela,Poultry,39.28,42.19,Animal
Venezuela,Beef,25.89,798.91,Animal
Venezuela,Lamb & Goat,0.32,11.21,Animal
Venezuela,Fish,8.34,13.32,Animal
Venezuela,Eggs,5.63,5.17,Animal
Venezuela,Milk - inc. cheese,117.79,167.78,Non-Animal
Venezuela,Wheat and Wheat Products,49.17,9.38,Non-Animal
Venezuela,Rice,23.39,29.93,Non-Animal
Venezuela,Soybeans,0,0,Non-Animal
Venezuela,Nuts inc. Peanut Butter,0.35,0.62,Non-Animal
Vietnam,Pork,35,123.88,Animal
Vietnam,Poultry,12.36,13.28,Animal
Vietnam,Beef,7.44,229.58,Animal
Vietnam,Lamb & Goat,0.14,4.9,Animal
Vietnam,Fish,26.52,42.34,Animal
Vietnam,Eggs,3.84,3.53,Animal
Vietnam,Milk - inc. cheese,16.36,23.3,Non-Animal
Vietnam,Wheat and Wheat Products,10.49,2,Non-Animal
Vietnam,Rice,144.56,184.99,Non-Animal
Vietnam,Soybeans,5.75,2.59,Non-Animal
Vietnam,Nuts inc. Peanut Butter,6.28,11.12,Non-Animal
Zambia,Pork,1.66,5.88,Animal
Zambia,Poultry,3.29,3.53,Animal
Zambia,Beef,4.76,146.88,Animal
Zambia,Lamb & Goat,0.68,23.81,Animal
Zambia,Fish,6.2,9.9,Animal
Zambia,Eggs,3.32,3.05,Animal
Zambia,Milk - inc. cheese,9.71,13.83,Non-Animal
Zambia,Wheat and Wheat Products,12.1,2.31,Non-Animal
Zambia,Rice,3.05,3.9,Non-Animal
Zambia,Soybeans,7.3,3.29,Non-Animal
Zambia,Nuts inc. Peanut Butter,5.04,8.92,Non-Animal
Zimbabwe,Pork,2.65,9.38,Animal
Zimbabwe,Poultry,4.97,5.34,Animal
Zimbabwe,Beef,7.37,227.42,Animal
Zimbabwe,Lamb & Goat,0.96,33.62,Animal
Zimbabwe,Fish,2.8,4.47,Animal
Zimbabwe,Eggs,1.75,1.61,Animal
Zimbabwe,Milk - inc. cheese,31.9,45.44,Non-Animal
Zimbabwe,Wheat and Wheat Products,31.31,5.97,Non-Animal
Zimbabwe,Rice,10.09,12.91,Non-Animal
Zimbabwe,Soybeans,0.54,0.24,Non-Animal
Zimbabwe,Nuts inc. Peanut Butter,2.22,3.93,Non-Animal
